[
  "Ashford",
  "Aylesbury",
  "Barnsley",
  "Barrow-in-Furness",
  "Basingstoke",
  "Bath",
  "Bedford",
  "Birmingham",
  "Black Country",
  "Blackwater Valley",
  "Bolton and Bury",
  "Bournemouth",
  "Bradford & South Dales",
  "Brighton and Hove",
  "Bristol",
  "Bury St Edmunds",
  "Cambridge",
  "Canterbury",
  "Central Greater Manchester",
  "Central Lancs",
  "Central London",
  "Central Norfolk & Norwich",
  "Chelmsford",
  "Cheltenham",
  "Cherwell Valley",
  "Chesterfield",
  "Chichester",
  "Chilterns",
  "Colchester",
  "Coventry",
  "Crawley & Reigate",
  "Darlington",
  "Derby",
  "Doncaster",
  "Dover-Shepway",
  "Durham",
  "East Cheshire",
  "East Lancs",
  "East Thames Valley",
  "Eastern Staffordshire",
  "Eastbourne",
  "Exeter",
  "Fylde Coast",
  "Gloucester",
  "Grantham & Newark",
  "Greater Liverpool",
  "Grimsby",
  "Guildford",
  "Halifax",
  "Harlow & Stortford",
  "Harrogate",
  "Herefordshire",
  "High Weald",
  "Hull & East Riding",
  "Huntingdon",
  "Inner East London",
  "Inner North London",
  "Inner South East London",
  "Inner South West London",
  "Inner West London",
  "Ipswich",
  "Isle of Wight",
  "Kendal",
  "Kernow West",
  "Kings Lynn",
  "Kirklees",
  "Lancaster",
  "Leeds",
  "Leicester",
  "Lincoln",
  "Lincolnshire Fens",
  "Lowestoft & Great Yarmouth",
  "Luton",
  "Maidstone",
  "Medway & Swale",
  "Mendip",
  "Mid & East Devon",
  "Mid & West Dorset",
  "Mid Staffs",
  "Milton Keynes",
  "Newbury",
  "North Cheshire",
  "North Cornwall & Devon Borders",
  "North Cumbria",
  "North Devon",
  "North Nottingham",
  "North West Kent",
  "North West London",
  "Northampton",
  "Northants Central",
  "Northumberland",
  "Nottingham",
  "Oldham & Rochdale",
  "Outer East London",
  "Outer North East London",
  "Outer North London",
  "Outer South East London",
  "Outer South London",
  "Outer South West London",
  "Outer West London",
  "Oxford",
  "Peaks & Dales",
  "Peterborough",
  "Plymouth",
  "Portsmouth",
  "Reading",
  "Richmond & Hambleton",
  "Rotherham",
  "Rugby & East",
  "Salisbury",
  "Scarborough",
  "Scunthorpe",
  "Sheffield",
  "Shropshire",
  "Solihull",
  "South Cheshire",
  "South Devon",
  "South East Herts",
  "South West Essex",
  "South West Herts",
  "Southampton",
  "Southend",
  "Southport",
  "Southern Greater Manchester",
  "St Helens",
  "Staffordshire North",
  "Stevenage & North Herts",
  "Sunderland",
  "Sussex East",
  "Swindon",
  "Tameside & Glossop",
  "Taunton & West Somerset",
  "Teesside",
  "Thanet",
  "Tyneside",
  "Wakefield",
  "Walton",
  "Warwickshire South",
  "West Cheshire",
  "West Cumbria",
  "West Pennine",
  "West Wiltshire",
  "Weston-S-Mare",
  "Wigan",
  "Winchester",
  "Wirral",
  "Wolds and Coast",
  "Worcester North",
  "Worcester South",
  "Worthing",
  "Yeovil",
  "York"
]
